{
  "UserAgent": "MobileHub/1.0",
  "Version": "1.0",
  "CredentialsProvider": {
    "CognitoIdentity": {
      "Default": {
        "PoolId": "us-east-1:6fd21a3a-b9a3-4d47-9bf5-be8892d1c297",
        "Region": "us-east-1"
      }
    }
  },
  "IdentityManager": {
    "Default": {}
  },
  "S3TransferUtility": {
    "Default": {
      "Bucket": "recognition-userfiles-mobilehub-862349224",
      "Region": "us-east-1"
    }
  },
  "PinpointAnalytics": {
    "Default": {
      "AppId": "3cc7467c0f994a6eb96617613b986627",
      "Region": "us-east-1"
    }
  },
  "PinpointTargeting": {
    "Default": {
      "Region": "us-east-1"
    }
  },
  "UserFileManager": {
    "Default": {
      "Bucket": "recognition-userfiles-mobilehub-862349224",
      "Region": "us-east-1"
    }
  }
}